{
  "posts": [
    {
      "fname": "Coffee",
      "price": "15",
      "img_url": "https://weneedfun.com/wp-content/uploads/2015/10/Delicious-Food-Photos-12.jpg",
      "quan": "3",
      "id": 2
    },
    {
      "fname": "poori",
      "price": "30",
      "img_url": "https://weneedfun.com/wp-content/uploads/2015/10/Beautiful-Food-Photos-15.jpg",
      "quan": "2",
      "id": 3
    },
    {
      "fname": "Soup",
      "price": "40",
      "img_url": "https://weneedfun.com/wp-content/uploads/2015/10/Beautiful-Food-Photos-15.jpg",
      "quan": "3",
      "id": 4
    }
  ],
  "comments": [],
  "profile": {
    "name": "typicode"
  }
}